REP230 Protocolo de recebimento;;;;;;;;;;;;;;;;
;;;;;;;;;;;;;;;;
Filtro;;;;;;;;;;;;;;;;
;;;;;;;;;;;;;;;;
Página;;;;;;;;;;;;;;;;
;;;;;;;;;;;;;;;;
de;;;;;;;;;;;;;;;;
;;;;;;;;;;;;;;;;
Fornecedor;;;;;;;;;;;;;;;;
Data entrega;28.09.2026;;;;;;;;;;;;;;;
Codigo;;;;;;;;;;;;;;;;
descricao produto;;;;;;;;;;;;;;;;
Nº fornecedor;;;;;;;;;;;;;;;;
Nome do fornecedor;;;;;;;;;;;;;;;;
ID-SO;;;;;;;;;;;;;;;;
matricula;123522;;;;;;;;;;;;;;;
;;;;;;;;;;;;;;;;
Data entrega;Codigo;descricao produto;ID-SO;Altura SO;Nº fornecedor;Nome do fornecedor;Fornecedor;Validade;Lote;Unidades;Pacote;UGE1/UM;UN2/UM;matricula;Tipo de estoque;Nº pedido
28.09.2026;853380;AREXVY VSR;55894418;100;4307650000216;ONCO PROD DIST DE PROD HOSPITALARES;04307650000216 / ONCO PROD DIST DE PROD HOSPITALARES;01.01.2028;L477D;144;UN;1;0;123522;Norma;POCOM0002983169
28.09.2026;788538;KIT PR AER50+FAC70 EVE;55897747;1100;61412110052384;DSP910 - CD OSASCO;61412110052384 / DSP910 - CD OSASCO;01.05.2028;0;480;CX;20;0;123522;Norma;VD910RCB7643972
28.09.2026;788503;KIT PR FPS30+FAC30 EVE;55897730;1100;61412110052384;DSP910 - CD OSASCO;61412110052384 / DSP910 - CD OSASCO;01.03.2029;0;480;CX2;20;0;123522;Norma;VD910RCB7643972
28.09.2026;788503;KIT PR FPS30+FAC30 EVE;55897723;450;61412110052384;DSP910 - CD OSASCO;61412110052384 / DSP910 - CD OSASCO;01.02.2029;0;160;CX2;20;0;123522;Norma;VD910RCB7643972
28.09.2026;788538;KIT PR AER50+FAC70 EVE;55897754;450;61412110052384;DSP910 - CD OSASCO;61412110052384 / DSP910 - CD OSASCO;01.05.2028;0;20;CX;20;0;123522;Norma;VD910RCB7643972
28.09.2026;783960;PROT KI FPS60 EVER120G;55897761;450;61412110052384;DSP910 - CD OSASCO;61412110052384 / DSP910 - CD OSASCO;01.02.2029;0;192;CX;24;0;123522;Norma;VD910RCB7643972
28.09.2026;783935;PROT S FPS70 EVER 120G;55897778;450;61412110052384;DSP910 - CD OSASCO;61412110052384 / DSP910 - CD OSASCO;01.02.2029;0;240;CX;24;0;123522;Norma;VD910RCB7643972
28.09.2026;783978;PR AER FPS30 EVER 200G;55897785;450;61412110052384;DSP910 - CD OSASCO;61412110052384 / DSP910 - CD OSASCO;01.06.2028;0;192;CX;12;0;123522;Norma;VD910RCB7643972
28.09.2026;783978;PR AER FPS30 EVER 200G;55897792;450;61412110052384;DSP910 - CD OSASCO;61412110052384 / DSP910 - CD OSASCO;01.06.2028;0;108;CX;12;0;123522;Norma;VD910RCB7643972
28.09.2026;896268;KIT TOTAL ORIGIN MINT;55897808;450;61412110052384;DSP910 - CD OSASCO;61412110052384 / DSP910 - CD OSASCO;01.11.2027;0;48;CX;12;0;123522;Norma;VD910RCB7643960
28.09.2026;838292;PROT SOL F70 KIDS EVER;55897815;450;61412110052384;DSP910 - CD OSASCO;61412110052384 / DSP910 - CD OSASCO;01.04.2029;0;192;CX;48;0;123522;Norma;VD910RCB7643972
28.09.2026;788651;POS SOL ALOE EVER 120G;55897822;1100;61412110052384;DSP910 - CD OSASCO;61412110052384 / DSP910 - CD OSASCO;01.06.2029;0;672;CX;24;0;123522;Norma;VD910RCB7643972
28.09.2026;788651;POS SOL ALOE EVER 120G;55897839;450;61412110052384;DSP910 - CD OSASCO;61412110052384 / DSP910 - CD OSASCO;01.06.2029;0;72;CX;24;0;123522;Norma;VD910RCB7643972
28.09.2026;896268;KIT TOTAL ORIGIN MINT;55897846;450;61412110052384;DSP910 - CD OSASCO;61412110052384 / DSP910 - CD OSASCO;01.11.2027;0;876;CX;12;0;123522;Norma;VD910RCB7643960
28.09.2026;662011;SAB.PROTEX 85G MEN SPO;55897853;750;61412110052384;DSP910 - CD OSASCO;61412110052384 / DSP910 - CD OSASCO;01.09.2028;89754;4320;CX;72;0;123522;Norma;VD910RCB7643960
28.09.2026;217360;PERIOGARD 250ML S/ALCO;55897860;700;61412110052384;DSP910 - CD OSASCO;61412110052384 / DSP910 - CD OSASCO;01.09.2028;2453;276;CX;12;0;123522;Norma;VD910RCB7643960
28.09.2026;893846;PACK COLG TOT WHI LMPM;55897877;1100;61412110052384;DSP910 - CD OSASCO;61412110052384 / DSP910 - CD OSASCO;01.07.2028;0;720;CX;12;0;123522;Norma;VD910RCB7643960
28.09.2026;141330;VITACID CR.25G;55897884;900;61412110052384;DSP910 - CD OSASCO;61412110052384 / DSP910 - CD OSASCO;01.08.2028;AB432;1890;CX;30;0;123522;Norma;VD910RCB7643960
28.09.2026;141330;VITACID CR.25G;55897891;0;61412110052384;DSP910 - CD OSASCO;61412110052384 / DSP910 - CD OSASCO;01.08.2028;AB432;3780;CX;30;0;123522;Norma;VD910RCB7643960
28.09.2026;893846;PACK COLG TOT WHI LMPM;55897907;1100;61412110052384;DSP910 - CD OSASCO;61412110052384 / DSP910 - CD OSASCO;01.07.2028;0;480;CX;12;0;123522;Norma;VD910RCB7643960
28.09.2026;721506;SB LQ PROT ERV D 400ML;55897914;0;61412110052384;DSP910 - CD OSASCO;61412110052384 / DSP910 - CD OSASCO;01.10.2027;0;204;CX;12;0;123522;Norma;VD910RCB7643960
28.09.2026;721506;SB LQ PROT ERV D 400ML;55897921;450;61412110052384;DSP910 - CD OSASCO;61412110052384 / DSP910 - CD OSASCO;01.10.2027;0;12;CX;12;0;123522;Norma;VD910RCB7643960
28.09.2026;801054;ENX BUC COLG P.M 750ML;55897938;450;61412110052384;DSP910 - CD OSASCO;61412110052384 / DSP910 - CD OSASCO;01.09.2028;0;12;CX;12;0;123522;Norma;VD910RCB7643960
28.09.2026;938637;CR DENT COLG INTER 140;55897945;450;61412110052384;DSP910 - CD OSASCO;61412110052384 / DSP910 - CD OSASCO;01.04.2028;0;48;CX;48;0;123522;Norma;VD910RCB7643960
28.09.2026;742546;XOLAIR 150MG SER P 1ML;55897952;450;4307650000216;ONCO PROD DIST DE PROD HOSPITALARES;04307650000216 / ONCO PROD DIST DE PROD HOSPITALARES;01.06.2027;A10DL0;2;UN;1;0;123522;Norma;POCOM0002983137
28.09.2026;714364;CR.COLG.A.T 140G;55897976;0;61412110052384;DSP910 - CD OSASCO;61412110052384 / DSP910 - CD OSASCO;01.08.2028;0;144;CX;48;0;123522;Norma;VD910RCB7643960
28.09.2026;727741;ENX COLG PERIO 500ML;55897983;700;61412110052384;DSP910 - CD OSASCO;61412110052384 / DSP910 - CD OSASCO;01.06.2028;0;192;CX;12;0;123522;Norma;VD910RCB7643960
28.09.2026;662674;SAB.PROTEX 85G LIMP.PR;55897990;700;61412110052384;DSP910 - CD OSASCO;61412110052384 / DSP910 - CD OSASCO;01.09.2028;8547;1440;CX;72;0;123522;Norma;VD910RCB7643960
28.09.2026;217360;PERIOGARD 250ML S/ALCO;56049442;1100;61412110052384;DSP910 - CD OSASCO;61412110052384 / DSP910 - CD OSASCO;01.09.2028;2453;1104;CX;12;0;123522;Norma;VD910RCB7643960
28.09.2026;67962;FIO DENT COLGATE 50M;56049459;450;61412110052384;DSP910 - CD OSASCO;61412110052384 / DSP910 - CD OSASCO;01.09.2031;0;528;CX;48;0;123522;Norma;VD910RCB7643960
28.09.2026;789739;CR.D SOR T.LIM.C120;56049466;450;61412110052384;DSP910 - CD OSASCO;61412110052384 / DSP910 - CD OSASCO;01.08.2028;0;72;CX;72;0;123522;Norma;VD910RCB7643960
28.09.2026;886513;COLGATE PERIOGARD 60G;56049473;0;61412110052384;DSP910 - CD OSASCO;61412110052384 / DSP910 - CD OSASCO;01.02.2028;0;480;CX;48;0;123522;Norma;VD910RCB7643960
28.09.2026;615633;PERIOGARD EXT MINT 250;56049480;900;61412110052384;DSP910 - CD OSASCO;61412110052384 / DSP910 - CD OSASCO;01.07.2028;0;552;CX;12;0;123522;Norma;VD910RCB7643960
28.09.2026;27537;CD COLG TRIPLA AÇA 90G;56049497;1100;61412110052384;DSP910 - CD OSASCO;61412110052384 / DSP910 - CD OSASCO;01.08.2028;0;3456;CX;144;0;123522;Norma;VD910RCB7643960
28.09.2026;260010;ESC.D.COLG.EX.CL.L3P2;56049503;0;61412110052384;DSP910 - CD OSASCO;61412110052384 / DSP910 - CD OSASCO;01.09.2030;1205;264;CX;12;0;123522;Norma;VD910RCB7643960
28.09.2026;260010;ESC.D.COLG.EX.CL.L3P2;56049503;0;61412110052384;DSP910 - CD OSASCO;61412110052384 / DSP910 - CD OSASCO;01.09.2030;1205;132;CX;12;0;123522;Norma;VD910RCB7643960
28.09.2026;893838;PACK COLG PR ATIV LMPM;56049510;450;61412110052384;DSP910 - CD OSASCO;61412110052384 / DSP910 - CD OSASCO;01.03.2028;0;60;CX;12;0;123522;Norma;VD910RCB7643960
28.09.2026;896268;KIT TOTAL ORIGIN MINT;56049527;450;61412110052384;DSP910 - CD OSASCO;61412110052384 / DSP910 - CD OSASCO;01.11.2027;0;60;CX;12;0;123522;Norma;VD910RCB7643960
28.09.2026;804843;CR DEN COLGATE 70G;56049534;0;61412110052384;DSP910 - CD OSASCO;61412110052384 / DSP910 - CD OSASCO;01.08.2028;0;156;CX;12;0;123522;Norma;VD910RCB7643960
28.09.2026;742236;LOCAO AMILIA 60G;56049541;450;61412110052384;DSP910 - CD OSASCO;61412110052384 / DSP910 - CD OSASCO;01.08.2029;0;126;CX;18;0;123522;Norma;VD910RCB7643960
28.09.2026;141330;VITACID CR.25G;56049558;450;61412110052384;DSP910 - CD OSASCO;61412110052384 / DSP910 - CD OSASCO;01.08.2028;AB432;90;CX;30;0;123522;Norma;VD910RCB7643960
28.09.2026;938629;GEL DENTAL HP 100G;56049565;0;61412110052384;DSP910 - CD OSASCO;61412110052384 / DSP910 - CD OSASCO;01.01.2029;0;240;CX;48;0;123522;Norma;VD910RCB7643960
28.09.2026;714364;CR.COLG.A.T 140G;56049572;450;61412110052384;DSP910 - CD OSASCO;61412110052384 / DSP910 - CD OSASCO;01.08.2028;0;48;CX;48;0;123522;Norma;VD910RCB7643960
28.09.2026;886548;COLG TOTAL PREVEN 90G;56049589;450;61412110052384;DSP910 - CD OSASCO;61412110052384 / DSP910 - CD OSASCO;01.05.2028;0;48;CX;48;0;123522;Norma;VD910RCB7643960
28.09.2026;954608;CR DENTAL COL SENS 60G;56049596;0;61412110052384;DSP910 - CD OSASCO;61412110052384 / DSP910 - CD OSASCO;01.05.2028;0;336;CX;48;0;123522;Norma;VD910RCB7643960
28.09.2026;896233;CD COLG TOTAL MINT 50G;56049602;450;61412110052384;DSP910 - CD OSASCO;61412110052384 / DSP910 - CD OSASCO;01.05.2028;0;576;CX;72;0;123522;Norma;VD910RCB7643960
28.09.2026;76180;C.D.PREVENT 90G;56049619;1100;61412110052384;DSP910 - CD OSASCO;61412110052384 / DSP910 - CD OSASCO;01.08.2028;0;2592;CX;72;0;123522;Norma;VD910RCB7643960
28.09.2026;479365;ELIQUIS 5MG 60CP;56049626;1100;61412110052384;DSP910 - CD OSASCO;61412110052384 / DSP910 - CD OSASCO;01.08.2028;NJ9549;900;CX;100;0;123522;Norma;VD910RCB7643960
28.09.2026;503827;ELIQUIS 2,5MG 60CP;56049633;0;61412110052384;DSP910 - CD OSASCO;61412110052384 / DSP910 - CD OSASCO;01.04.2028;NE4183;768;CX;192;0;123522;Norma;VD910RCB7643960
28.09.2026;479357;ELIQUIS 5MG 20CP;56049640;450;61412110052384;DSP910 - CD OSASCO;61412110052384 / DSP910 - CD OSASCO;01.05.2028;MP4818;240;CX;240;0;123522;Norma;VD910RCB7643960
28.09.2026;479365;ELIQUIS 5MG 60CP;56049657;450;61412110052384;DSP910 - CD OSASCO;61412110052384 / DSP910 - CD OSASCO;01.08.2028;NJ9549;87;UN;1;0;123522;Norma;VD910RCB7643960
28.09.2026;479365;ELIQUIS 5MG 60CP;56049664;450;61412110052384;DSP910 - CD OSASCO;61412110052384 / DSP910 - CD OSASCO;01.08.2028;NJ9549;21;UN;1;0;123522;DEVOLUCAODEV;VD910RCB7643960
28.09.2026;479365;ELIQUIS 5MG 60CP;56049671;450;61412110052384;DSP910 - CD OSASCO;61412110052384 / DSP910 - CD OSASCO;01.08.2028;NJ9549;96;UN;1;0;123522;Norma;VD910RCB7643960
28.09.2026;479365;ELIQUIS 5MG 60CP;56049695;450;61412110052384;DSP910 - CD OSASCO;61412110052384 / DSP910 - CD OSASCO;01.08.2028;NJ9549;96;UN;1;0;123522;Norma;VD910RCB7643960
28.09.2026;479365;ELIQUIS 5MG 60CP;56049701;1100;61412110052384;DSP910 - CD OSASCO;61412110052384 / DSP910 - CD OSASCO;01.08.2028;NJ9549;900;CX;100;0;123522;Norma;VD910RCB7643960
28.09.2026;668362;FR.BAB.SEC.G.PIN 16XXG;56049688;0;44145845002275;SOFTYS BRASIL LTDA.;44145845002275 / SOFTYS BRASIL LTDA.;01.05.2029;0;192;CX;8;0;123522;Norma;POCOM0002982737
28.09.2026;668362;FR.BAB.SEC.G.PIN 16XXG;56049718;0;44145845002275;SOFTYS BRASIL LTDA.;44145845002275 / SOFTYS BRASIL LTDA.;01.05.2029;0;136;CX;8;0;123522;Norma;POCOM0002982737
28.09.2026;474258;FR.BAB.SEC.G.PINT.M 26;56073676;1100;44145845002275;SOFTYS BRASIL LTDA.;44145845002275 / SOFTYS BRASIL LTDA.;01.06.2029;0;128;CX;8;0;123522;Norma;POCOM0002982737
28.09.2026;474258;FR.BAB.SEC.G.PINT.M 26;56073683;1100;44145845002275;SOFTYS BRASIL LTDA.;44145845002275 / SOFTYS BRASIL LTDA.;01.06.2029;0;128;CX;8;0;123522;Norma;POCOM0002982737
28.09.2026;474258;FR.BAB.SEC.G.PINT.M 26;56073690;1100;44145845002275;SOFTYS BRASIL LTDA.;44145845002275 / SOFTYS BRASIL LTDA.;01.06.2029;0;128;CX;8;0;123522;Norma;POCOM0002982737
28.09.2026;474258;FR.BAB.SEC.G.PINT.M 26;56073706;1100;44145845002275;SOFTYS BRASIL LTDA.;44145845002275 / SOFTYS BRASIL LTDA.;01.06.2029;0;128;CX;8;0;123522;Norma;POCOM0002982737
28.09.2026;474266;FR.BAB.SEC.G.PINT 28 P;56073713;1100;44145845002275;SOFTYS BRASIL LTDA.;44145845002275 / SOFTYS BRASIL LTDA.;01.06.2029;0;160;CX;8;0;123522;Norma;POCOM0002982737
28.09.2026;474266;FR.BAB.SEC.G.PINT 28 P;56073720;1100;44145845002275;SOFTYS BRASIL LTDA.;44145845002275 / SOFTYS BRASIL LTDA.;01.06.2029;0;160;CX;8;0;123522;Norma;POCOM0002982737
28.09.2026;474266;FR.BAB.SEC.G.PINT 28 P;56073737;1100;44145845002275;SOFTYS BRASIL LTDA.;44145845002275 / SOFTYS BRASIL LTDA.;01.06.2029;0;160;CX;8;0;123522;Norma;POCOM0002982737
28.09.2026;474266;FR.BAB.SEC.G.PINT 28 P;56073744;1100;44145845002275;SOFTYS BRASIL LTDA.;44145845002275 / SOFTYS BRASIL LTDA.;01.06.2029;0;160;CX;8;0;123522;Norma;POCOM0002982737
28.09.2026;474266;FR.BAB.SEC.G.PINT 28 P;56073751;1100;44145845002275;SOFTYS BRASIL LTDA.;44145845002275 / SOFTYS BRASIL LTDA.;01.06.2029;0;160;CX;8;0;123522;Norma;POCOM0002982737
28.09.2026;890723;FR BABSEC MEG XXXG 24;56073768;1100;44145845002275;SOFTYS BRASIL LTDA.;44145845002275 / SOFTYS BRASIL LTDA.;01.08.2029;I1224426;144;CX;6;0;123522;Norma;POCOM0002982737
28.09.2026;890723;FR BABSEC MEG XXXG 24;56073775;1100;44145845002275;SOFTYS BRASIL LTDA.;44145845002275 / SOFTYS BRASIL LTDA.;01.08.2029;I1224426;144;CX;6;0;123522;Norma;POCOM0002982737
28.09.2026;890723;FR BABSEC MEG XXXG 24;56073782;1100;44145845002275;SOFTYS BRASIL LTDA.;44145845002275 / SOFTYS BRASIL LTDA.;01.08.2029;I1224426;144;CX;6;0;123522;Norma;POCOM0002982737
28.09.2026;890723;FR BABSEC MEG XXXG 24;56073799;1100;44145845002275;SOFTYS BRASIL LTDA.;44145845002275 / SOFTYS BRASIL LTDA.;01.08.2029;I1224426;144;CX;6;0;123522;Norma;POCOM0002982737
28.09.2026;890723;FR BABSEC MEG XXXG 24;56073805;1100;44145845002275;SOFTYS BRASIL LTDA.;44145845002275 / SOFTYS BRASIL LTDA.;01.08.2029;I1224426;144;CX;6;0;123522;Norma;POCOM0002982737
28.09.2026;890723;FR BABSEC MEG XXXG 24;56073812;1100;44145845002275;SOFTYS BRASIL LTDA.;44145845002275 / SOFTYS BRASIL LTDA.;01.08.2029;I1224426;144;CX;6;0;123522;Norma;POCOM0002982737
28.09.2026;890723;FR BABSEC MEG XXXG 24;56073829;1100;44145845002275;SOFTYS BRASIL LTDA.;44145845002275 / SOFTYS BRASIL LTDA.;01.08.2029;I1224426;144;CX;6;0;123522;Norma;POCOM0002982737
28.09.2026;890561;FR BABSEC U MEG P 42UN;56073836;1100;44145845002275;SOFTYS BRASIL LTDA.;44145845002275 / SOFTYS BRASIL LTDA.;01.04.2029;I0111026;24;CX;6;0;123522;Norma;POCOM0002982737
28.09.2026;890561;FR BABSEC U MEG P 42UN;56073843;1100;44145845002275;SOFTYS BRASIL LTDA.;44145845002275 / SOFTYS BRASIL LTDA.;01.04.2029;I0111026;24;CX;6;0;123522;Norma;POCOM0002982737
28.09.2026;890561;FR BABSEC U MEG P 42UN;56073850;1100;44145845002275;SOFTYS BRASIL LTDA.;44145845002275 / SOFTYS BRASIL LTDA.;01.04.2029;I0111026;24;CX;6;0;123522;Norma;POCOM0002982737
28.09.2026;890561;FR BABSEC U MEG P 42UN;56073867;1100;44145845002275;SOFTYS BRASIL LTDA.;44145845002275 / SOFTYS BRASIL LTDA.;01.04.2029;I0111026;24;CX;6;0;123522;Norma;POCOM0002982737
28.09.2026;890561;FR BABSEC U MEG P 42UN;56073836;1100;44145845002275;SOFTYS BRASIL LTDA.;44145845002275 / SOFTYS BRASIL LTDA.;01.04.2029;I0111026;102;CX;6;0;123522;Norma;POCOM0002982737
28.09.2026;890561;FR BABSEC U MEG P 42UN;56073843;1100;44145845002275;SOFTYS BRASIL LTDA.;44145845002275 / SOFTYS BRASIL LTDA.;01.04.2029;I0111026;102;CX;6;0;123522;Norma;POCOM0002982737
28.09.2026;890561;FR BABSEC U MEG P 42UN;56073850;1100;44145845002275;SOFTYS BRASIL LTDA.;44145845002275 / SOFTYS BRASIL LTDA.;01.04.2029;I0111026;102;CX;6;0;123522;Norma;POCOM0002982737
28.09.2026;890561;FR BABSEC U MEG P 42UN;56073867;1100;44145845002275;SOFTYS BRASIL LTDA.;44145845002275 / SOFTYS BRASIL LTDA.;01.04.2029;I0111026;102;CX;6;0;123522;Norma;POCOM0002982737
28.09.2026;890561;FR BABSEC U MEG P 42UN;56049763;1100;44145845002275;SOFTYS BRASIL LTDA.;44145845002275 / SOFTYS BRASIL LTDA.;01.04.2029;I0111026;78;CX;6;0;123522;Norma;POCOM0002982737
28.09.2026;788503;KIT PR FPS30+FAC30 EVE;56049732;1100;61412110052384;DSP910 - CD OSASCO;61412110052384 / DSP910 - CD OSASCO;01.03.2029;0;460;CX2;20;0;123522;Norma;VD910RCB7643972
28.09.2026;783986;PR AER FPS50 EVER 200;56049756;1100;61412110052384;DSP910 - CD OSASCO;61412110052384 / DSP910 - CD OSASCO;01.06.2028;0;1104;CX;12;0;123522;Norma;VD910RCB7643972
28.09.2026;788538;KIT PR AER50+FAC70 EVE;56073874;1100;61412110052384;DSP910 - CD OSASCO;61412110052384 / DSP910 - CD OSASCO;01.05.2028;0;480;CX;20;0;123522;Norma;VD910RCB7643972
28.09.2026;788554;PROT FA FPS70 EVER 40G;56049725;900;61412110052384;DSP910 - CD OSASCO;61412110052384 / DSP910 - CD OSASCO;01.08.2029;0;2400;CX;24;0;123522;Norma;VD910RCB7643972
28.09.2026;107778;METILDOPA 500 EMS 30CP;56049749;450;61412110052384;DSP910 - CD OSASCO;61412110052384 / DSP910 - CD OSASCO;01.08.2028;5S1984;56;CX;56;0;123522;Norma;VD910RCB7643972
28.09.2026;107778;METILDOPA 500 EMS 30CP;56049770;1100;61412110052384;DSP910 - CD OSASCO;61412110052384 / DSP910 - CD OSASCO;01.08.2028;5S1984;2016;CX;56;0;123522;Norma;VD910RCB7643972
28.09.2026;783900;PROT S FPS30 EVER 120G;56049787;450;61412110052384;DSP910 - CD OSASCO;61412110052384 / DSP910 - CD OSASCO;01.03.2028;0;312;CX;24;0;123522;Norma;VD910RCB7643972
28.09.2026;66940;FOLIFER 30CP;56049794;450;61412110052384;DSP910 - CD OSASCO;61412110052384 / DSP910 - CD OSASCO;01.05.2028;0;320;CX;40;0;123522;Norma;VD910RCB7643972
28.09.2026;838292;PROT SOL F70 KIDS EVER;56049800;450;61412110052384;DSP910 - CD OSASCO;61412110052384 / DSP910 - CD OSASCO;01.04.2029;0;288;CX;48;0;123522;Norma;VD910RCB7643972
28.09.2026;706680;ETNA 180 CAPS;56049817;450;61412110052384;DSP910 - CD OSASCO;61412110052384 / DSP910 - CD OSASCO;01.08.2028;2608421;160;CX;16;0;123522;Norma;VD910RCB7643972
28.09.2026;788651;POS SOL ALOE EVER 120G;56049824;450;61412110052384;DSP910 - CD OSASCO;61412110052384 / DSP910 - CD OSASCO;01.04.2028;0;24;CX;24;0;123522;Norma;VD910RCB7643972
28.09.2026;14656;SEPURIN 20 CP REV;56049831;450;61412110052384;DSP910 - CD OSASCO;61412110052384 / DSP910 - CD OSASCO;30.01.2028;2605248;480;CX;60;0;123522;Norma;VD910RCB7643972
28.09.2026;314625;ROSUVASTAT.20 EMS 30CP;56049848;450;61412110052384;DSP910 - CD OSASCO;61412110052384 / DSP910 - CD OSASCO;01.08.2028;5R3845;168;CX;56;0;123522;Norma;VD910RCB7643972
28.09.2026;783978;PR AER FPS30 EVER 200G;56049855;450;61412110052384;DSP910 - CD OSASCO;61412110052384 / DSP910 - CD OSASCO;01.06.2028;0;24;CX;12;0;123522;Norma;VD910RCB7643972
28.09.2026;211842;ETNA 20CS;56049862;450;61412110052384;DSP910 - CD OSASCO;61412110052384 / DSP910 - CD OSASCO;01.08.2028;2608422;60;CX;60;0;123522;Norma;VD910RCB7643972
28.09.2026;97926;METILDOPA 250 EMS 30CP;56049879;450;61412110052384;DSP910 - CD OSASCO;61412110052384 / DSP910 - CD OSASCO;01.05.2028;5N3461;56;CX;56;0;123522;Norma;VD910RCB7643972
28.09.2026;314625;ROSUVASTAT.20 EMS 30CP;56049886;450;61412110052384;DSP910 - CD OSASCO;61412110052384 / DSP910 - CD OSASCO;01.08.2028;5R3845;56;CX;56;0;123522;Norma;VD910RCB7643972
28.09.2026;788619;AUTOBRONZEAD EVER 120G;56049893;450;61412110052384;DSP910 - CD OSASCO;61412110052384 / DSP910 - CD OSASCO;01.08.2028;0;24;CX;24;0;123522;Norma;VD910RCB7643972
28.09.2026;866326;SITGLU MET 850MG 56CP;56049909;450;61412110052384;DSP910 - CD OSASCO;61412110052384 / DSP910 - CD OSASCO;01.06.2028;5N8464;10;CX;10;0;123522;Norma;VD910RCB7643972
28.09.2026;8320;HIDRION 20CP;56049916;450;61412110052384;DSP910 - CD OSASCO;61412110052384 / DSP910 - CD OSASCO;01.05.2029;2605236;10;UN;1;0;123522;Norma;VD910RCB7643972
28.09.2026;788651;POS SOL ALOE EVER 120G;56049923;450;61412110052384;DSP910 - CD OSASCO;61412110052384 / DSP910 - CD OSASCO;01.04.2028;0;168;CX;24;0;123522;Norma;VD910RCB7643972
28.09.2026;788503;KIT PR FPS30+FAC30 EVE;56049930;450;61412110052384;DSP910 - CD OSASCO;61412110052384 / DSP910 - CD OSASCO;01.04.2029;0;40;CX2;20;0;123522;Norma;VD910RCB7643972
28.09.2026;783919;PROT S FPS30 EVER 200G;56049947;700;61412110052384;DSP910 - CD OSASCO;61412110052384 / DSP910 - CD OSASCO;01.03.2029;0;384;CX;24;0;123522;Norma;VD910RCB7643972
28.09.2026;783927;PROT S FPS50 EVER 120G;56049954;700;61412110052384;DSP910 - CD OSASCO;61412110052384 / DSP910 - CD OSASCO;01.05.2029;0;504;CX;24;0;123522;Norma;VD910RCB7643972
28.09.2026;861065;PROT EV.CAR F50 500ML;56049961;700;61412110052384;DSP910 - CD OSASCO;61412110052384 / DSP910 - CD OSASCO;01.05.2029;0;252;CX;12;0;123522;Norma;VD910RCB7643972
28.09.2026;886858;TRADEP 50MG 60CP C1;56049978;450;61412110052384;DSP910 - CD OSASCO;61412110052384 / DSP910 - CD OSASCO;01.05.2028;5R4671;40;CX;40;0;123522;Norma;VD910RCB7643972
28.09.2026;28185;HIDRION 30CP;56049985;450;61412110052384;DSP910 - CD OSASCO;61412110052384 / DSP910 - CD OSASCO;01.05.2029;2605237;90;CX2;30;0;123522;Norma;VD910RCB7643972
28.09.2026;14656;SEPURIN 20 CP REV;56049992;450;61412110052384;DSP910 - CD OSASCO;61412110052384 / DSP910 - CD OSASCO;01.05.2028;2605248;60;CX;60;0;123522;Norma;VD910RCB7643972
28.09.2026;829838;CLO TRAM 50 NV 10CP C1;56046823;450;61412110052384;DSP910 - CD OSASCO;61412110052384 / DSP910 - CD OSASCO;01.07.2028;5Q7399;60;CX;60;0;123522;Norma;VD910RCB7643972
28.09.2026;783935;PROT S FPS70 EVER 120G;56046779;450;61412110052384;DSP910 - CD OSASCO;61412110052384 / DSP910 - CD OSASCO;01.02.2029;0;48;CX;24;0;123522;Norma;VD910RCB7643972
28.09.2026;783960;PROT KI FPS60 EVER120G;56046809;450;61412110052384;DSP910 - CD OSASCO;61412110052384 / DSP910 - CD OSASCO;01.02.2029;0;24;CX;24;0;123522;Norma;VD910RCB7643972
28.09.2026;788503;KIT PR FPS30+FAC30 EVE;56046830;450;61412110052384;DSP910 - CD OSASCO;61412110052384 / DSP910 - CD OSASCO;01.04.2029;0;20;CX2;20;0;123522;Norma;VD910RCB7643972
28.09.2026;788538;KIT PR AER50+FAC70 EVE;55744034;1100;61412110052384;DSP910 - CD OSASCO;61412110052384 / DSP910 - CD OSASCO;01.05.2028;0;480;CX;20;0;123522;Norma;VD910RCB7643972
28.09.2026;788481;KIT PR FPS30+KIDS EVER;55744041;1100;61412110052384;DSP910 - CD OSASCO;61412110052384 / DSP910 - CD OSASCO;01.01.2029;0;360;CX;15;0;123522;Norma;VD910RCB7643972
28.09.2026;783960;PROT KI FPS60 EVER120G;55744058;450;61412110052384;DSP910 - CD OSASCO;61412110052384 / DSP910 - CD OSASCO;01.02.2029;0;192;CX;24;0;123522;Norma;VD910RCB7643972
28.09.2026;783978;PR AER FPS30 EVER 200G;55744065;450;61412110052384;DSP910 - CD OSASCO;61412110052384 / DSP910 - CD OSASCO;01.06.2028;0;108;CX;12;0;123522;Norma;VD910RCB7643972
28.09.2026;783935;PROT S FPS70 EVER 120G;55744072;450;61412110052384;DSP910 - CD OSASCO;61412110052384 / DSP910 - CD OSASCO;01.02.2029;0;168;CX;24;0;123522;Norma;VD910RCB7643972
28.09.2026;783978;PR AER FPS30 EVER 200G;55744089;450;61412110052384;DSP910 - CD OSASCO;61412110052384 / DSP910 - CD OSASCO;01.06.2028;0;48;CX;12;0;123522;Norma;VD910RCB7643972
28.09.2026;788619;AUTOBRONZEAD EVER 120G;55744096;450;61412110052384;DSP910 - CD OSASCO;61412110052384 / DSP910 - CD OSASCO;01.09.2028;0;264;CX;24;0;123522;Norma;VD910RCB7643972
28.09.2026;783900;PROT S FPS30 EVER 120G;55744102;450;61412110052384;DSP910 - CD OSASCO;61412110052384 / DSP910 - CD OSASCO;01.03.2029;0;48;CX;24;0;123522;Norma;VD910RCB7643972
28.09.2026;838292;PROT SOL F70 KIDS EVER;55744119;450;61412110052384;DSP910 - CD OSASCO;61412110052384 / DSP910 - CD OSASCO;01.04.2029;0;432;CX;48;0;123522;Norma;VD910RCB7643972
28.09.2026;314625;ROSUVASTAT.20 EMS 30CP;55744126;1100;61412110052384;DSP910 - CD OSASCO;61412110052384 / DSP910 - CD OSASCO;01.08.2028;5R8803;2352;CX;56;0;123522;Norma;VD910RCB7643972
28.09.2026;307980;IPRATROPIO EMS 20ML;55744133;450;61412110052384;DSP910 - CD OSASCO;61412110052384 / DSP910 - CD OSASCO;01.08.2028;5Q8213;120;CX2;120;0;123522;Norma;VD910RCB7643972
28.09.2026;307980;IPRATROPIO EMS 20ML;55744140;900;61412110052384;DSP910 - CD OSASCO;61412110052384 / DSP910 - CD OSASCO;01.08.2028;5Q8213;3600;CX2;120;0;123522;Norma;VD910RCB7643972
28.09.2026;307980;IPRATROPIO EMS 20ML;55744157;900;61412110052384;DSP910 - CD OSASCO;61412110052384 / DSP910 - CD OSASCO;01.08.2028;5Q8212;2640;CX2;120;0;123522;Norma;VD910RCB7643972
28.09.2026;821152;FOLIASOP GROSS 30SC;55744164;450;61412110052384;DSP910 - CD OSASCO;61412110052384 / DSP910 - CD OSASCO;01.04.2028;0;24;CX;24;0;123522;Norma;VD910RCB7643972
28.09.2026;788651;POS SOL ALOE EVER 120G;55744171;450;61412110052384;DSP910 - CD OSASCO;61412110052384 / DSP910 - CD OSASCO;01.04.2029;0;24;CX;24;0;123522;Norma;VD910RCB7643972
28.09.2026;314625;ROSUVASTAT.20 EMS 30CP;55744188;450;61412110052384;DSP910 - CD OSASCO;61412110052384 / DSP910 - CD OSASCO;01.08.2028;5R3847;50;UN;1;0;123522;Norma;VD910RCB7643972
28.09.2026;901504;"2MILDE SL 2000UI	10ML";55744195;450;61412110052384;DSP910 - CD OSASCO;61412110052384 / DSP910 - CD OSASCO;01.05.2028;0;30;CX;30;0;123522;Norma;VD910RCB7643972
28.09.2026;706680;ETNA 180 CAPS;55744201;450;61412110052384;DSP910 - CD OSASCO;61412110052384 / DSP910 - CD OSASCO;01.08.2028;2608421;80;CX;16;0;123522;Norma;VD910RCB7643972
28.09.2026;28185;HIDRION 30CP;55744218;450;61412110052384;DSP910 - CD OSASCO;61412110052384 / DSP910 - CD OSASCO;01.05.2029;2605237;180;CX2;30;0;123522;Norma;VD910RCB7643972
28.09.2026;8320;HIDRION 20CP;55744225;450;61412110052384;DSP910 - CD OSASCO;61412110052384 / DSP910 - CD OSASCO;01.05.2029;2605236;120;CX;60;0;123522;Norma;VD910RCB7643972
28.09.2026;8320;HIDRION 20CP;55744232;450;61412110052384;DSP910 - CD OSASCO;61412110052384 / DSP910 - CD OSASCO;01.05.2029;2605236;120;CX;60;0;123522;Norma;VD910RCB7643972
28.09.2026;821160;MILDE 50.000UI 4CP;55744249;450;61412110052384;DSP910 - CD OSASCO;61412110052384 / DSP910 - CD OSASCO;01.03.2028;26050220;50;UN;1;0;123522;Norma;VD910RCB7643972
28.09.2026;821160;MILDE 50.000UI 4CP;55744256;450;61412110052384;DSP910 - CD OSASCO;61412110052384 / DSP910 - CD OSASCO;01.03.2028;26050220;70;CX;70;0;123522;Norma;VD910RCB7643972
28.09.2026;788643;POS SOL CLM EVER 120ML;55744263;450;61412110052384;DSP910 - CD OSASCO;61412110052384 / DSP910 - CD OSASCO;01.05.2028;0;96;CX;24;0;123522;Norma;VD910RCB7643972
28.09.2026;788651;POS SOL ALOE EVER 120G;55744270;450;61412110052384;DSP910 - CD OSASCO;61412110052384 / DSP910 - CD OSASCO;01.04.2028;0;168;CX;24;0;123522;Norma;VD910RCB7643972
28.09.2026;211842;ETNA 20CS;55744287;450;61412110052384;DSP910 - CD OSASCO;61412110052384 / DSP910 - CD OSASCO;01.08.2028;2608422;240;CX;60;0;123522;Norma;VD910RCB7643972
28.09.2026;886823;DERADOP XL 150 30C C1;55744294;450;61412110052384;DSP910 - CD OSASCO;61412110052384 / DSP910 - CD OSASCO;01.07.2028;5Q3271;112;CX;56;0;123522;Norma;VD910RCB7643972
28.09.2026;829838;CLO TRAM 50 NV 10CP C1;55744300;450;61412110052384;DSP910 - CD OSASCO;61412110052384 / DSP910 - CD OSASCO;01.07.2028;5Q7399;60;CX;60;0;123522;Norma;VD910RCB7643972
28.09.2026;894320;APIXABANA EMS 2,5 60CP;55744317;450;61412110052384;DSP910 - CD OSASCO;61412110052384 / DSP910 - CD OSASCO;01.07.2028;5Q7586;40;CX;40;0;123522;Norma;VD910RCB7643972
28.09.2026;900435;PRODYGO 150MG 10CP;55744324;450;61412110052384;DSP910 - CD OSASCO;61412110052384 / DSP910 - CD OSASCO;01.05.2028;190279;100;CX;100;0;123522;Norma;VD910RCB7643972
28.09.2026;837580;MIOGESIC 5+125 30CP;55744331;450;61412110052384;DSP910 - CD OSASCO;61412110052384 / DSP910 - CD OSASCO;01.08.2028;5R7918;96;UN;1;0;123522;Norma;VD910RCB7643972
28.09.2026;314625;ROSUVASTAT.20 EMS 30CP;55744348;450;61412110052384;DSP910 - CD OSASCO;61412110052384 / DSP910 - CD OSASCO;01.08.2028;5R3845;51;UN;1;0;123522;Norma;VD910RCB7643972
28.09.2026;280496;ATORVASTAT.10 EMS 30CP;55744355;450;61412110052384;DSP910 - CD OSASCO;61412110052384 / DSP910 - CD OSASCO;01.01.2028;5H7742;48;CX;48;0;123522;Norma;VD910RCB7643972
28.09.2026;866326;SITGLU MET 850MG 56CP;55744362;210;61412110052384;DSP910 - CD OSASCO;61412110052384 / DSP910 - CD OSASCO;01.06.2028;5N8464;10;CX;10;0;123522;Norma;VD910RCB7643972
28.09.2026;107654;CETOC+BET+NEO.PM.EMS30;55744379;450;61412110052384;DSP910 - CD OSASCO;61412110052384 / DSP910 - CD OSASCO;01.06.2028;5N4078;42;CX;42;0;123522;Norma;VD910RCB7643972
28.09.2026;107697;CETOC+BETAM.PM.EMS 30G;55744386;450;61412110052384;DSP910 - CD OSASCO;61412110052384 / DSP910 - CD OSASCO;01.08.2028;5R0459;42;CX;42;0;123522;Norma;VD910RCB7643972
28.09.2026;825433;ACI MEFENA 500 24CP;55744393;450;61412110052384;DSP910 - CD OSASCO;61412110052384 / DSP910 - CD OSASCO;01.08.2028;5R9484;240;CX;48;0;123522;Norma;VD910RCB7643972
28.09.2026;14656;SEPURIN 20 CP REV;55744409;450;61412110052384;DSP910 - CD OSASCO;61412110052384 / DSP910 - CD OSASCO;01.05.2028;2605248;540;CX;60;0;123522;Norma;VD910RCB7643972
28.09.2026;211842;ETNA 20CS;55744416;450;61412110052384;DSP910 - CD OSASCO;61412110052384 / DSP910 - CD OSASCO;01.08.2028;2608422;180;CX;60;0;123522;Norma;VD910RCB7643972
28.09.2026;706680;ETNA 180 CAPS;55744423;450;61412110052384;DSP910 - CD OSASCO;61412110052384 / DSP910 - CD OSASCO;01.08.2028;2608421;176;CX;16;0;123522;Norma;VD910RCB7643972
28.09.2026;75388;AMOX+CL.500 EMS 18CP;55744430;450;61412110052384;DSP910 - CD OSASCO;61412110052384 / DSP910 - CD OSASCO;01.03.2028;5J0552;36;CX;36;0;123522;Norma;VD910RCB7643972
28.09.2026;886858;TRADEP 50MG 60CP C1;55744447;450;61412110052384;DSP910 - CD OSASCO;61412110052384 / DSP910 - CD OSASCO;01.05.2028;5R4671;40;CX;40;0;123522;Norma;VD910RCB7643972
28.09.2026;886858;TRADEP 50MG 60CP C1;55744454;450;61412110052384;DSP910 - CD OSASCO;61412110052384 / DSP910 - CD OSASCO;01.05.2028;5R4671;40;CX;40;0;123522;Norma;VD910RCB7643972
28.09.2026;886793;VORPRO 10MG 30CP C1;55744461;450;61412110052384;DSP910 - CD OSASCO;61412110052384 / DSP910 - CD OSASCO;01.06.2028;5P4769;48;CX;48;0;123522;Norma;VD910RCB7643972
28.09.2026;829838;CLO TRAM 50 NV 10CP C1;55744478;450;61412110052384;DSP910 - CD OSASCO;61412110052384 / DSP910 - CD OSASCO;01.07.2028;5Q7399;60;CX;60;0;123522;Norma;VD910RCB7643972
28.09.2026;555690;ROSUVASTAT.5 EMS 60CP;55744485;450;61412110052384;DSP910 - CD OSASCO;61412110052384 / DSP910 - CD OSASCO;01.07.2028;5R9384;1232;CX;56;0;123522;Norma;VD910RCB7643972
28.09.2026;788481;KIT PR FPS30+KIDS EVER;55744492;1100;61412110052384;DSP910 - CD OSASCO;61412110052384 / DSP910 - CD OSASCO;01.01.2029;0;360;CX;15;0;123522;Norma;VD910RCB7643972
28.09.2026;788481;KIT PR FPS30+KIDS EVER;55744508;700;61412110052384;DSP910 - CD OSASCO;61412110052384 / DSP910 - CD OSASCO;01.01.2029;0;135;CX;15;0;123522;Norma;VD910RCB7643972
28.09.2026;861065;PROT EV.CAR F50 500ML;55744515;450;61412110052384;DSP910 - CD OSASCO;61412110052384 / DSP910 - CD OSASCO;01.05.2029;0;72;CX;12;0;123522;Norma;VD910RCB7643972
28.09.2026;195030;AMOX+CL.400 EMS 70ML;55744522;450;61412110052384;DSP910 - CD OSASCO;61412110052384 / DSP910 - CD OSASCO;01.07.2028;5P3032;25;CX;25;0;123522;Norma;VD910RCB7643972
28.09.2026;555690;ROSUVASTAT.5 EMS 60CP;55744539;450;61412110052384;DSP910 - CD OSASCO;61412110052384 / DSP910 - CD OSASCO;01.07.2028;5R9384;56;CX;56;0;123522;Norma;VD910RCB7643972
28.09.2026;886858;TRADEP 50MG 60CP C1;55744546;450;61412110052384;DSP910 - CD OSASCO;61412110052384 / DSP910 - CD OSASCO;01.05.2028;5R4671;40;CX;40;0;123522;Norma;VD910RCB7643972
28.09.2026;886823;DERADOP XL 150 30C C1;55744553;450;61412110052384;DSP910 - CD OSASCO;61412110052384 / DSP910 - CD OSASCO;01.07.2028;5Q3271;56;CX;56;0;123522;Norma;VD910RCB7643972
28.09.2026;608297;OLMY ANLO 40/5 30CP;55744560;450;61412110052384;DSP910 - CD OSASCO;61412110052384 / DSP910 - CD OSASCO;01.08.2028;5R6916;168;CX;56;0;123522;Norma;VD910RCB7643972
28.09.2026;732508;OLMY HCT 40/25MG 30CP;56048841;450;61412110052384;DSP910 - CD OSASCO;61412110052384 / DSP910 - CD OSASCO;20.01.2028;5P4620;56;CX;56;0;123522;Norma;VD910RCB7643972
28.09.2026;314625;ROSUVASTAT.20 EMS 30CP;56048858;450;61412110052384;DSP910 - CD OSASCO;61412110052384 / DSP910 - CD OSASCO;01.08.2028;5R3845;56;CX;56;0;123522;Norma;VD910RCB7643972
28.09.2026;314625;ROSUVASTAT.20 EMS 30CP;56048865;700;61412110052384;DSP910 - CD OSASCO;61412110052384 / DSP910 - CD OSASCO;01.08.2028;5R3845;616;CX;56;0;123522;Norma;VD910RCB7643972
28.09.2026;314625;ROSUVASTAT.20 EMS 30CP;56048872;1100;61412110052384;DSP910 - CD OSASCO;61412110052384 / DSP910 - CD OSASCO;01.08.2028;5R3845;2352;CX;56;0;123522;Norma;VD910RCB7643972
28.09.2026;314625;ROSUVASTAT.20 EMS 30CP;56048889;1100;61412110052384;DSP910 - CD OSASCO;61412110052384 / DSP910 - CD OSASCO;01.08.2028;5R3845;2352;CX;56;0;123522;Norma;VD910RCB7643972
28.09.2026;314625;ROSUVASTAT.20 EMS 30CP;56048896;1100;61412110052384;DSP910 - CD OSASCO;61412110052384 / DSP910 - CD OSASCO;01.08.2028;5R3847;2744;CX;56;0;123522;Norma;VD910RCB7643972
28.09.2026;314625;ROSUVASTAT.20 EMS 30CP;56048902;450;61412110052384;DSP910 - CD OSASCO;61412110052384 / DSP910 - CD OSASCO;01.08.2028;5R3847;280;CX;56;0;123522;Norma;VD910RCB7643972
28.09.2026;97900;AZITROM.900 EMS SP;56048919;450;61412110052384;DSP910 - CD OSASCO;61412110052384 / DSP910 - CD OSASCO;01.05.2028;5J5082;40;CX;40;0;123522;Norma;VD910RCB7643972
28.09.2026;886823;DERADOP XL 150 30C C1;56048926;450;61412110052384;DSP910 - CD OSASCO;61412110052384 / DSP910 - CD OSASCO;01.07.2028;5Q3271;112;CX;56;0;123522;Norma;VD910RCB7643972
28.09.2026;866326;SITGLU MET 850MG 56CP;56048933;210;61412110052384;DSP910 - CD OSASCO;61412110052384 / DSP910 - CD OSASCO;01.06.2028;5N8464;10;CX;10;0;123522;Norma;VD910RCB7643972
28.09.2026;314625;ROSUVASTAT.20 EMS 30CP;56048940;450;61412110052384;DSP910 - CD OSASCO;61412110052384 / DSP910 - CD OSASCO;01.08.2028;5R3845;54;UN;1;0;123522;Norma;VD910RCB7643972
28.09.2026;211842;ETNA 20CS;56048957;450;61412110052384;DSP910 - CD OSASCO;61412110052384 / DSP910 - CD OSASCO;01.08.2028;2608422;60;CX;60;0;123522;Norma;VD910RCB7643972
28.09.2026;211842;ETNA 20CS;56048964;450;61412110052384;DSP910 - CD OSASCO;61412110052384 / DSP910 - CD OSASCO;01.08.2028;2608422;60;CX;60;0;123522;Norma;VD910RCB7643972
28.09.2026;14656;SEPURIN 20 CP REV;56048971;450;61412110052384;DSP910 - CD OSASCO;61412110052384 / DSP910 - CD OSASCO;01.05.2028;2605248;60;CX;60;0;123522;Norma;VD910RCB7643972
28.09.2026;788619;AUTOBRONZEAD EVER 120G;56048988;450;61412110052384;DSP910 - CD OSASCO;61412110052384 / DSP910 - CD OSASCO;01.03.2028;0;24;CX;24;0;123522;Norma;VD910RCB7643972
28.09.2026;788643;POS SOL CLM EVER 120ML;56048995;450;61412110052384;DSP910 - CD OSASCO;61412110052384 / DSP910 - CD OSASCO;01.05.2028;0;48;CX;24;0;123522;Norma;VD910RCB7643972
28.09.2026;788589;PROT FA FPS30 EVER 60G;56049008;450;61412110052384;DSP910 - CD OSASCO;61412110052384 / DSP910 - CD OSASCO;01.07.2029;0;48;CX;24;0;123522;Norma;VD910RCB7643972
28.09.2026;706680;ETNA 180 CAPS;56049015;450;61412110052384;DSP910 - CD OSASCO;61412110052384 / DSP910 - CD OSASCO;01.08.2028;2608421;208;CX;16;0;123522;Norma;VD910RCB7643972
28.09.2026;783943;PROT S FPS50 EVER 200G;56049022;1100;61412110052384;DSP910 - CD OSASCO;61412110052384 / DSP910 - CD OSASCO;01.05.2029;0;840;CX;24;0;123522;Norma;VD910RCB7643972
28.09.2026;788570;PROT S FPS70 EVER 200G;56049039;1100;61412110052384;DSP910 - CD OSASCO;61412110052384 / DSP910 - CD OSASCO;01.04.2029;0;1080;CX;24;0;123522;Norma;VD910RCB7643972
28.09.2026;14656;SEPURIN 20 CP REV;56049046;450;61412110052384;DSP910 - CD OSASCO;61412110052384 / DSP910 - CD OSASCO;01.05.2028;2605248;60;CX;60;0;123522;Norma;VD910RCB7643972
28.09.2026;788619;AUTOBRONZEAD EVER 120G;56049060;450;61412110052384;DSP910 - CD OSASCO;61412110052384 / DSP910 - CD OSASCO;01.03.2028;0;504;CX;24;0;123522;Norma;VD910RCB7643972
28.09.2026;788651;POS SOL ALOE EVER 120G;55897822;1100;61412110052384;DSP910 - CD OSASCO;61412110052384 / DSP910 - CD OSASCO;01.06.2029;0;840;CX;24;0;123522;Norma;VD910RCB7643972
28.09.2026;385662;OPTIFREE PMOI.300+120M;56049053;1100;32929819000205;ALCON BR CUIDADOS COM A SAUDE LTDA;32929819000205 / ALCON BR CUIDADOS COM A SAUDE LTDA;01.01.2029;137NT;600;CX;12;0;123522;Norma;POCOM0002982364
28.09.2026;920800;SYSTANE COMPLETE SC;56049077;450;32929819000205;ALCON BR CUIDADOS COM A SAUDE LTDA;32929819000205 / ALCON BR CUIDADOS COM A SAUDE LTDA;01.03.2028;139FR;576;CX;144;0;123522;Norma;POCOM0002982364
28.09.2026;920800;SYSTANE COMPLETE SC;56049084;450;32929819000205;ALCON BR CUIDADOS COM A SAUDE LTDA;32929819000205 / ALCON BR CUIDADOS COM A SAUDE LTDA;01.03.2028;139FR;1152;CX;144;0;123522;Norma;POCOM0002982364
28.09.2026;424285;SYSTANE UL COL.15ML;56049091;450;32929819000205;ALCON BR CUIDADOS COM A SAUDE LTDA;32929819000205 / ALCON BR CUIDADOS COM A SAUDE LTDA;01.12.2027;13DR3;1440;CX2;144;0;123522;Norma;POCOM0002982364
28.09.2026;424285;SYSTANE UL COL.15ML;56049107;450;32929819000205;ALCON BR CUIDADOS COM A SAUDE LTDA;32929819000205 / ALCON BR CUIDADOS COM A SAUDE LTDA;01.12.2027;13DR3;288;CX2;144;0;123522;Norma;POCOM0002982364
28.09.2026;18210;LACRIMA PLUS COL.15ML;56049114;450;32929819000205;ALCON BR CUIDADOS COM A SAUDE LTDA;32929819000205 / ALCON BR CUIDADOS COM A SAUDE LTDA;01.02.2028;0;144;CX2;144;0;123522;Norma;POCOM0002983302
28.09.2026;799190;SYSTANE ULTRA;56049138;450;32929819000205;ALCON BR CUIDADOS COM A SAUDE LTDA;32929819000205 / ALCON BR CUIDADOS COM A SAUDE LTDA;01.10.2027;1374C;144;CX;144;0;123522;Norma;POCOM0002981491
28.09.2026;18210;LACRIMA PLUS COL.15ML;56049121;450;32929819000205;ALCON BR CUIDADOS COM A SAUDE LTDA;32929819000205 / ALCON BR CUIDADOS COM A SAUDE LTDA;01.02.2028;0;13;UN;1;0;123522;Norma;POCOM0002983302
28.09.2026;701874;OPTI FREE PURE MOIST90;56049145;450;32929819000205;ALCON BR CUIDADOS COM A SAUDE LTDA;32929819000205 / ALCON BR CUIDADOS COM A SAUDE LTDA;01.02.2028;138J7;7;UN;1;0;123522;Norma;POCOM0002981500
28.09.2026;833428;SYSTANE HIDRAT 10ML;56049152;0;32929819000205;ALCON BR CUIDADOS COM A SAUDE LTDA;32929819000205 / ALCON BR CUIDADOS COM A SAUDE LTDA;01.02.2028;138AH;1008;CX;144;0;123522;Norma;POCOM0002981496
29.09.2026;925012;FR PAMP CON SEC 86U XG;55980401;1100;1358874000935;PROCTER & GAMBLE INDUSTRIAL E COM;01358874000935 / PROCTER & GAMBLE INDUSTRIAL E COM;01.09.2028;0;64;CX;2;0;123522;Norma;POCOM0002982405
29.09.2026;925012;FR PAMP CON SEC 86U XG;55980418;1100;1358874000935;PROCTER & GAMBLE INDUSTRIAL E COM;01358874000935 / PROCTER & GAMBLE INDUSTRIAL E COM;01.09.2028;0;64;CX;2;0;123522;Norma;POCOM0002982405
29.09.2026;925012;FR PAMP CON SEC 86U XG;55980425;1100;1358874000935;PROCTER & GAMBLE INDUSTRIAL E COM;01358874000935 / PROCTER & GAMBLE INDUSTRIAL E COM;01.09.2028;0;64;CX;2;0;123522;Norma;POCOM0002982405
29.09.2026;925012;FR PAMP CON SEC 86U XG;55980432;1100;1358874000935;PROCTER & GAMBLE INDUSTRIAL E COM;01358874000935 / PROCTER & GAMBLE INDUSTRIAL E COM;01.09.2028;0;64;CX;2;0;123522;Norma;POCOM0002982405
29.09.2026;925012;FR PAMP CON SEC 86U XG;55980449;1100;1358874000935;PROCTER & GAMBLE INDUSTRIAL E COM;01358874000935 / PROCTER & GAMBLE INDUSTRIAL E COM;01.09.2028;0;64;CX;2;0;123522;Norma;POCOM0002982405
29.09.2026;925012;FR PAMP CON SEC 86U XG;55980456;1100;1358874000935;PROCTER & GAMBLE INDUSTRIAL E COM;01358874000935 / PROCTER & GAMBLE INDUSTRIAL E COM;01.09.2028;0;64;CX;2;0;123522;Norma;POCOM0002982405
29.09.2026;925012;FR PAMP CON SEC 86U XG;55980463;1100;1358874000935;PROCTER & GAMBLE INDUSTRIAL E COM;01358874000935 / PROCTER & GAMBLE INDUSTRIAL E COM;01.09.2028;0;64;CX;2;0;123522;Norma;POCOM0002982405
29.09.2026;925012;FR PAMP CON SEC 86U XG;55980470;1100;1358874000935;PROCTER & GAMBLE INDUSTRIAL E COM;01358874000935 / PROCTER & GAMBLE INDUSTRIAL E COM;01.09.2028;0;64;CX;2;0;123522;Norma;POCOM0002982405
29.09.2026;925012;FR PAMP CON SEC 86U XG;55980487;1100;1358874000935;PROCTER & GAMBLE INDUSTRIAL E COM;01358874000935 / PROCTER & GAMBLE INDUSTRIAL E COM;01.09.2028;0;64;CX;2;0;123522;Norma;POCOM0002982405
29.09.2026;925012;FR PAMP CON SEC 86U XG;55980494;1100;1358874000935;PROCTER & GAMBLE INDUSTRIAL E COM;01358874000935 / PROCTER & GAMBLE INDUSTRIAL E COM;01.09.2028;0;64;CX;2;0;123522;Norma;POCOM0002982405
29.09.2026;925012;FR PAMP CON SEC 86U XG;55980500;1100;1358874000935;PROCTER & GAMBLE INDUSTRIAL E COM;01358874000935 / PROCTER & GAMBLE INDUSTRIAL E COM;01.09.2028;0;64;CX;2;0;123522;Norma;POCOM0002982405
29.09.2026;925012;FR PAMP CON SEC 86U XG;55980517;1100;1358874000935;PROCTER & GAMBLE INDUSTRIAL E COM;01358874000935 / PROCTER & GAMBLE INDUSTRIAL E COM;01.09.2028;0;64;CX;2;0;123522;Norma;POCOM0002982405
29.09.2026;925012;FR PAMP CON SEC 86U XG;55980524;1100;1358874000935;PROCTER & GAMBLE INDUSTRIAL E COM;01358874000935 / PROCTER & GAMBLE INDUSTRIAL E COM;01.09.2028;0;64;CX;2;0;123522;Norma;POCOM0002982405
29.09.2026;925012;FR PAMP CON SEC 86U XG;55980531;1100;1358874000935;PROCTER & GAMBLE INDUSTRIAL E COM;01358874000935 / PROCTER & GAMBLE INDUSTRIAL E COM;01.09.2028;0;64;CX;2;0;123522;Norma;POCOM0002982405
29.09.2026;925012;FR PAMP CON SEC 86U XG;55980548;1100;1358874000935;PROCTER & GAMBLE INDUSTRIAL E COM;01358874000935 / PROCTER & GAMBLE INDUSTRIAL E COM;01.09.2028;0;64;CX;2;0;123522;Norma;POCOM0002982405
29.09.2026;925012;FR PAMP CON SEC 86U XG;55980555;1100;1358874000935;PROCTER & GAMBLE INDUSTRIAL E COM;01358874000935 / PROCTER & GAMBLE INDUSTRIAL E COM;01.09.2028;0;64;CX;2;0;123522;Norma;POCOM0002982405
29.09.2026;925012;FR PAMP CON SEC 86U XG;55980562;1100;1358874000935;PROCTER & GAMBLE INDUSTRIAL E COM;01358874000935 / PROCTER & GAMBLE INDUSTRIAL E COM;01.09.2028;0;64;CX;2;0;123522;Norma;POCOM0002982405
29.09.2026;925012;FR PAMP CON SEC 86U XG;55980579;1100;1358874000935;PROCTER & GAMBLE INDUSTRIAL E COM;01358874000935 / PROCTER & GAMBLE INDUSTRIAL E COM;01.09.2028;0;64;CX;2;0;123522;Norma;POCOM0002982405
29.09.2026;925012;FR PAMP CON SEC 86U XG;55980586;1100;1358874000935;PROCTER & GAMBLE INDUSTRIAL E COM;01358874000935 / PROCTER & GAMBLE INDUSTRIAL E COM;01.09.2028;0;64;CX;2;0;123522;Norma;POCOM0002982405
29.09.2026;925012;FR PAMP CON SEC 86U XG;55980593;1100;1358874000935;PROCTER & GAMBLE INDUSTRIAL E COM;01358874000935 / PROCTER & GAMBLE INDUSTRIAL E COM;01.09.2028;0;64;CX;2;0;123522;Norma;POCOM0002982405
29.09.2026;925012;FR PAMP CON SEC 86U XG;55980609;1100;1358874000935;PROCTER & GAMBLE INDUSTRIAL E COM;01358874000935 / PROCTER & GAMBLE INDUSTRIAL E COM;01.09.2028;0;64;CX;2;0;123522;Norma;POCOM0002982405
29.09.2026;925012;FR PAMP CON SEC 86U XG;55980616;1100;1358874000935;PROCTER & GAMBLE INDUSTRIAL E COM;01358874000935 / PROCTER & GAMBLE INDUSTRIAL E COM;01.09.2028;0;64;CX;2;0;123522;Norma;POCOM0002982405
29.09.2026;925012;FR PAMP CON SEC 86U XG;55980623;1100;1358874000935;PROCTER & GAMBLE INDUSTRIAL E COM;01358874000935 / PROCTER & GAMBLE INDUSTRIAL E COM;01.09.2028;0;64;CX;2;0;123522;Norma;POCOM0002982405
29.09.2026;925012;FR PAMP CON SEC 86U XG;55980630;1100;1358874000935;PROCTER & GAMBLE INDUSTRIAL E COM;01358874000935 / PROCTER & GAMBLE INDUSTRIAL E COM;01.09.2028;0;64;CX;2;0;123522;Norma;POCOM0002982405
29.09.2026;925012;FR PAMP CON SEC 86U XG;55980647;1100;1358874000935;PROCTER & GAMBLE INDUSTRIAL E COM;01358874000935 / PROCTER & GAMBLE INDUSTRIAL E COM;01.09.2028;0;64;CX;2;0;123522;Norma;POCOM0002982405
29.09.2026;925012;FR PAMP CON SEC 86U XG;55980654;1100;1358874000935;PROCTER & GAMBLE INDUSTRIAL E COM;01358874000935 / PROCTER & GAMBLE INDUSTRIAL E COM;01.09.2028;0;64;CX;2;0;123522;Norma;POCOM0002982405
29.09.2026;925012;FR PAMP CON SEC 86U XG;55980661;1100;1358874000935;PROCTER & GAMBLE INDUSTRIAL E COM;01358874000935 / PROCTER & GAMBLE INDUSTRIAL E COM;01.09.2028;0;64;CX;2;0;123522;Norma;POCOM0002982405
29.09.2026;925012;FR PAMP CON SEC 86U XG;55980678;1100;1358874000935;PROCTER & GAMBLE INDUSTRIAL E COM;01358874000935 / PROCTER & GAMBLE INDUSTRIAL E COM;01.09.2028;0;64;CX;2;0;123522;Norma;POCOM0002982405
29.09.2026;925012;FR PAMP CON SEC 86U XG;55980685;1100;1358874000935;PROCTER & GAMBLE INDUSTRIAL E COM;01358874000935 / PROCTER & GAMBLE INDUSTRIAL E COM;01.09.2028;0;64;CX;2;0;123522;Norma;POCOM0002982405
29.09.2026;925012;FR PAMP CON SEC 86U XG;55980692;1100;1358874000935;PROCTER & GAMBLE INDUSTRIAL E COM;01358874000935 / PROCTER & GAMBLE INDUSTRIAL E COM;01.09.2028;0;64;CX;2;0;123522;Norma;POCOM0002982405
29.09.2026;925012;FR PAMP CON SEC 86U XG;55980708;1100;1358874000935;PROCTER & GAMBLE INDUSTRIAL E COM;01358874000935 / PROCTER & GAMBLE INDUSTRIAL E COM;01.09.2028;0;64;CX;2;0;123522;Norma;POCOM0002982405
29.09.2026;925012;FR PAMP CON SEC 86U XG;55980715;1100;1358874000935;PROCTER & GAMBLE INDUSTRIAL E COM;01358874000935 / PROCTER & GAMBLE INDUSTRIAL E COM;01.09.2028;0;64;CX;2;0;123522;Norma;POCOM0002982405
29.09.2026;925012;FR PAMP CON SEC 86U XG;55980722;1100;1358874000935;PROCTER & GAMBLE INDUSTRIAL E COM;01358874000935 / PROCTER & GAMBLE INDUSTRIAL E COM;01.09.2028;0;64;CX;2;0;123522;Norma;POCOM0002982405
29.09.2026;925012;FR PAMP CON SEC 86U XG;55980739;1100;1358874000935;PROCTER & GAMBLE INDUSTRIAL E COM;01358874000935 / PROCTER & GAMBLE INDUSTRIAL E COM;01.09.2028;0;64;CX;2;0;123522;Norma;POCOM0002982405
29.09.2026;925012;FR PAMP CON SEC 86U XG;55980746;1100;1358874000935;PROCTER & GAMBLE INDUSTRIAL E COM;01358874000935 / PROCTER & GAMBLE INDUSTRIAL E COM;01.09.2028;0;64;CX;2;0;123522;Norma;POCOM0002982405
29.09.2026;925012;FR PAMP CON SEC 86U XG;55980753;1100;1358874000935;PROCTER & GAMBLE INDUSTRIAL E COM;01358874000935 / PROCTER & GAMBLE INDUSTRIAL E COM;01.09.2028;0;64;CX;2;0;123522;Norma;POCOM0002982405
29.09.2026;925012;FR PAMP CON SEC 86U XG;56073973;1100;1358874000935;PROCTER & GAMBLE INDUSTRIAL E COM;01358874000935 / PROCTER & GAMBLE INDUSTRIAL E COM;01.09.2028;0;16;CX;2;0;123522;Norma;POCOM0002982405
29.09.2026;925012;FR PAMP CON SEC 86U XG;56073973;1100;1358874000935;PROCTER & GAMBLE INDUSTRIAL E COM;01358874000935 / PROCTER & GAMBLE INDUSTRIAL E COM;01.09.2029;0;48;CX;2;0;123522;Norma;POCOM0002982403
29.09.2026;925012;FR PAMP CON SEC 86U XG;55980760;1100;1358874000935;PROCTER & GAMBLE INDUSTRIAL E COM;01358874000935 / PROCTER & GAMBLE INDUSTRIAL E COM;01.09.2029;0;64;CX;2;0;123522;Norma;POCOM0002982403
29.09.2026;925012;FR PAMP CON SEC 86U XG;55980777;1100;1358874000935;PROCTER & GAMBLE INDUSTRIAL E COM;01358874000935 / PROCTER & GAMBLE INDUSTRIAL E COM;01.09.2029;0;64;CX;2;0;123522;Norma;POCOM0002982403
29.09.2026;925012;FR PAMP CON SEC 86U XG;55980784;1100;1358874000935;PROCTER & GAMBLE INDUSTRIAL E COM;01358874000935 / PROCTER & GAMBLE INDUSTRIAL E COM;01.09.2029;0;64;CX;2;0;123522;Norma;POCOM0002982403
29.09.2026;925012;FR PAMP CON SEC 86U XG;55980791;1100;1358874000935;PROCTER & GAMBLE INDUSTRIAL E COM;01358874000935 / PROCTER & GAMBLE INDUSTRIAL E COM;01.09.2029;0;64;CX;2;0;123522;Norma;POCOM0002982403
29.09.2026;925012;FR PAMP CON SEC 86U XG;55980807;1100;1358874000935;PROCTER & GAMBLE INDUSTRIAL E COM;01358874000935 / PROCTER & GAMBLE INDUSTRIAL E COM;01.09.2029;0;64;CX;2;0;123522;Norma;POCOM0002982403
29.09.2026;925012;FR PAMP CON SEC 86U XG;55980814;1100;1358874000935;PROCTER & GAMBLE INDUSTRIAL E COM;01358874000935 / PROCTER & GAMBLE INDUSTRIAL E COM;01.09.2029;0;64;CX;2;0;123522;Norma;POCOM0002982403
29.09.2026;925012;FR PAMP CON SEC 86U XG;55980821;1100;1358874000935;PROCTER & GAMBLE INDUSTRIAL E COM;01358874000935 / PROCTER & GAMBLE INDUSTRIAL E COM;01.09.2029;0;64;CX;2;0;123522;Norma;POCOM0002982403
29.09.2026;925012;FR PAMP CON SEC 86U XG;55980838;1100;1358874000935;PROCTER & GAMBLE INDUSTRIAL E COM;01358874000935 / PROCTER & GAMBLE INDUSTRIAL E COM;01.09.2029;0;64;CX;2;0;123522;Norma;POCOM0002982403
29.09.2026;925012;FR PAMP CON SEC 86U XG;55980845;1100;1358874000935;PROCTER & GAMBLE INDUSTRIAL E COM;01358874000935 / PROCTER & GAMBLE INDUSTRIAL E COM;01.09.2029;0;64;CX;2;0;123522;Norma;POCOM0002982403
29.09.2026;925012;FR PAMP CON SEC 86U XG;55980852;1100;1358874000935;PROCTER & GAMBLE INDUSTRIAL E COM;01358874000935 / PROCTER & GAMBLE INDUSTRIAL E COM;01.09.2029;0;64;CX;2;0;123522;Norma;POCOM0002982403
29.09.2026;925012;FR PAMP CON SEC 86U XG;55980869;1100;1358874000935;PROCTER & GAMBLE INDUSTRIAL E COM;01358874000935 / PROCTER & GAMBLE INDUSTRIAL E COM;01.09.2029;0;32;CX;2;0;123522;Norma;POCOM0002982403
29.09.2026;925012;FR PAMP CON SEC 86U XG;55980869;1100;1358874000935;PROCTER & GAMBLE INDUSTRIAL E COM;01358874000935 / PROCTER & GAMBLE INDUSTRIAL E COM;01.09.2029;0;24;CX;2;0;123522;Norma;POCOM0002982408
29.09.2026;846937;FR PAMPERS CON XXXG 44;56073881;700;1358874000935;PROCTER & GAMBLE INDUSTRIAL E COM;01358874000935 / PROCTER & GAMBLE INDUSTRIAL E COM;01.06.2028;0;24;CX;4;0;123522;Norma;POCOM0002982403
29.09.2026;846937;FR PAMPERS CON XXXG 44;56073980;450;1358874000935;PROCTER & GAMBLE INDUSTRIAL E COM;01358874000935 / PROCTER & GAMBLE INDUSTRIAL E COM;01.06.2028;0;12;CX;4;0;123522;Norma;POCOM0002982408
29.09.2026;924954;FR PAMPERS PANT 74 XXG;55980357;1100;1358874000935;PROCTER & GAMBLE INDUSTRIAL E COM;01358874000935 / PROCTER & GAMBLE INDUSTRIAL E COM;01.09.2028;0;28;CX;2;0;123522;Norma;POCOM0002982403
29.09.2026;924954;FR PAMPERS PANT 74 XXG;55980357;1100;1358874000935;PROCTER & GAMBLE INDUSTRIAL E COM;01358874000935 / PROCTER & GAMBLE INDUSTRIAL E COM;01.09.2028;0;10;CX;2;0;123522;Norma;POCOM0002982404
29.09.2026;924954;FR PAMPERS PANT 74 XXG;56073898;450;1358874000935;PROCTER & GAMBLE INDUSTRIAL E COM;01358874000935 / PROCTER & GAMBLE INDUSTRIAL E COM;01.09.2028;0;8;CX;2;0;123522;Norma;POCOM0002982404
29.09.2026;924962;FR PAMPERS PANTS 82 XG;55980371;450;1358874000935;PROCTER & GAMBLE INDUSTRIAL E COM;01358874000935 / PROCTER & GAMBLE INDUSTRIAL E COM;01.09.2028;0;2;CX;2;0;123522;Norma;POCOM0002982402
29.09.2026;924962;FR PAMPERS PANTS 82 XG;55980340;700;1358874000935;PROCTER & GAMBLE INDUSTRIAL E COM;01358874000935 / PROCTER & GAMBLE INDUSTRIAL E COM;01.09.2028;0;12;CX;2;0;123522;Norma;POCOM0002982404
29.09.2026;902411;FR PAMPERS PANT XXG 20;55980333;450;1358874000935;PROCTER & GAMBLE INDUSTRIAL E COM;01358874000935 / PROCTER & GAMBLE INDUSTRIAL E COM;01.05.2028;0;16;CX;8;0;123522;Norma;POCOM0002982404
29.09.2026;886300;FR PAMP PREM XXG 84UN;55980395;450;1358874000935;PROCTER & GAMBLE INDUSTRIAL E COM;01358874000935 / PROCTER & GAMBLE INDUSTRIAL E COM;01.08.2028;0;4;CX;2;0;123522;Norma;POCOM0002982408
29.09.2026;924970;FR PAMPERS PANTS 90 G;55980388;450;1358874000935;PROCTER & GAMBLE INDUSTRIAL E COM;01358874000935 / PROCTER & GAMBLE INDUSTRIAL E COM;01.09.2028;0;4;CX;2;0;123522;Norma;POCOM0002982402
29.09.2026;902403;FR PAMPERS PANT XG 22U;56073904;450;1358874000935;PROCTER & GAMBLE INDUSTRIAL E COM;01358874000935 / PROCTER & GAMBLE INDUSTRIAL E COM;01.08.2028;0;16;CX;8;0;123522;Norma;POCOM0002982402
29.09.2026;846910;FR PAMPERS CON XXXG 24;56073911;450;1358874000935;PROCTER & GAMBLE INDUSTRIAL E COM;01358874000935 / PROCTER & GAMBLE INDUSTRIAL E COM;01.07.2028;0;8;CX;8;0;123522;Norma;POCOM0002982402
29.09.2026;846910;FR PAMPERS CON XXXG 24;56073928;1100;1358874000935;PROCTER & GAMBLE INDUSTRIAL E COM;01358874000935 / PROCTER & GAMBLE INDUSTRIAL E COM;01.07.2028;0;88;CX;8;0;123522;Norma;POCOM0002982402
29.09.2026;846910;FR PAMPERS CON XXXG 24;56073928;1100;1358874000935;PROCTER & GAMBLE INDUSTRIAL E COM;01358874000935 / PROCTER & GAMBLE INDUSTRIAL E COM;01.07.2028;0;48;CX;8;0;123522;Norma;POCOM0002982403
29.09.2026;846910;FR PAMPERS CON XXXG 24;56073928;1100;1358874000935;PROCTER & GAMBLE INDUSTRIAL E COM;01358874000935 / PROCTER & GAMBLE INDUSTRIAL E COM;01.07.2028;0;56;CX;8;0;123522;Norma;POCOM0002982408
29.09.2026;925004;FR PAMP CON S. 70 XXXG;56073935;450;1358874000935;PROCTER & GAMBLE INDUSTRIAL E COM;01358874000935 / PROCTER & GAMBLE INDUSTRIAL E COM;01.08.2028;0;2;CX;2;0;123522;Norma;POCOM0002982408
29.09.2026;807370;FR PAMP CONFORT P 72UN;56073942;900;1358874000935;PROCTER & GAMBLE INDUSTRIAL E COM;01358874000935 / PROCTER & GAMBLE INDUSTRIAL E COM;01.08.2028;0;26;CX;2;0;123522;Norma;POCOM0002982404
29.09.2026;807370;FR PAMP CONFORT P 72UN;56073942;900;1358874000935;PROCTER & GAMBLE INDUSTRIAL E COM;01358874000935 / PROCTER & GAMBLE INDUSTRIAL E COM;01.08.2028;0;22;CX;2;0;123522;Norma;POCOM0002982408
29.09.2026;664820;FR RECÉM NASC COM 36UN;56073959;1100;1358874000935;PROCTER & GAMBLE INDUSTRIAL E COM;01358874000935 / PROCTER & GAMBLE INDUSTRIAL E COM;01.07.2028;0;144;CX;4;0;123522;Norma;POCOM0002982403
29.09.2026;664820;FR RECÉM NASC COM 36UN;56073966;1100;1358874000935;PROCTER & GAMBLE INDUSTRIAL E COM;01358874000935 / PROCTER & GAMBLE INDUSTRIAL E COM;01.07.2028;0;240;CX;4;0;123522;Norma;POCOM0002982403
29.09.2026;668826;FR.PAMP.PREM.C.J.XG60;55980876;1100;1358874000935;PROCTER & GAMBLE INDUSTRIAL E COM;01358874000935 / PROCTER & GAMBLE INDUSTRIAL E COM;01.09.2028;0;72;CX;2;0;123522;Norma;POCOM0002982400
29.09.2026;668826;FR.PAMP.PREM.C.J.XG60;55980883;1100;1358874000935;PROCTER & GAMBLE INDUSTRIAL E COM;01358874000935 / PROCTER & GAMBLE INDUSTRIAL E COM;01.09.2028;0;72;CX;2;0;123522;Norma;POCOM0002982400
29.09.2026;668826;FR.PAMP.PREM.C.J.XG60;55980890;1100;1358874000935;PROCTER & GAMBLE INDUSTRIAL E COM;01358874000935 / PROCTER & GAMBLE INDUSTRIAL E COM;01.09.2028;0;72;CX;2;0;123522;Norma;POCOM0002982400
29.09.2026;668826;FR.PAMP.PREM.C.J.XG60;55980906;1100;1358874000935;PROCTER & GAMBLE INDUSTRIAL E COM;01358874000935 / PROCTER & GAMBLE INDUSTRIAL E COM;01.09.2028;0;72;CX;2;0;123522;Norma;POCOM0002982400
29.09.2026;668826;FR.PAMP.PREM.C.J.XG60;55980913;1100;1358874000935;PROCTER & GAMBLE INDUSTRIAL E COM;01358874000935 / PROCTER & GAMBLE INDUSTRIAL E COM;01.09.2028;0;72;CX;2;0;123522;Norma;POCOM0002982400
29.09.2026;664774;FR.PAMP.PREM.C.ME.40P;56074000;1100;1358874000935;PROCTER & GAMBLE INDUSTRIAL E COM;01358874000935 / PROCTER & GAMBLE INDUSTRIAL E COM;01.07.2028;0;16;CX;4;0;123522;Norma;POCOM0002982402
29.09.2026;664774;FR.PAMP.PREM.C.ME.40P;56074000;1100;1358874000935;PROCTER & GAMBLE INDUSTRIAL E COM;01358874000935 / PROCTER & GAMBLE INDUSTRIAL E COM;01.07.2028;0;144;CX;4;0;123522;Norma;POCOM0002982404
29.09.2026;886319;FR PAMP PREM XG 88UN;55980326;1100;1358874000935;PROCTER & GAMBLE INDUSTRIAL E COM;01358874000935 / PROCTER & GAMBLE INDUSTRIAL E COM;01.07.2028;0;36;CX;2;0;123522;Norma;POCOM0002982403
29.09.2026;886319;FR PAMP PREM XG 88UN;56073997;450;1358874000935;PROCTER & GAMBLE INDUSTRIAL E COM;01358874000935 / PROCTER & GAMBLE INDUSTRIAL E COM;01.07.2028;0;2;CX;2;0;123522;Norma;POCOM0002982408
29.09.2026;694975;FR PAMP PANTS PC XG64;55980319;700;1358874000935;PROCTER & GAMBLE INDUSTRIAL E COM;01358874000935 / PROCTER & GAMBLE INDUSTRIAL E COM;01.08.2028;0;18;CX;2;0;123522;Norma;POCOM0002982402
